<?xml version="1.0" encoding="UTF-8"?>
<project-private xmlns="http://www.netbeans.org/ns/project-private/1">
    <editor-bookmarks xmlns="http://www.netbeans.org/ns/editor-bookmarks/2" lastBookmarkId="0"/>
    <open-files xmlns="http://www.netbeans.org/ns/projectui-open-files/2">
        <group>
            <file>file:/C:/Users/Master/Documents/NetBeansProjects/MemorialPlay/src/ibmsj/digital/play/ihm/cenas/controladores/ControladorTelaSecundaria.java</file>
            <file>file:/C:/Users/Master/Documents/NetBeansProjects/MemorialPlay/src/ibmsj/digital/play/Main.java</file>
        </group>
        <group name="worship4j"/>
    </open-files>
</project-private>
